{"last_fico_range_high": -0.9802881227926592, "months_since_earliest_cr_line": 0.19950877324958569, "dti": -0.5582188013544902, "inq_last_12m": -0.6154840377547729, "term": -0.8695614957308108}